Nama,PengalamanKerja,Usia,NilaiTes1,NilaiTes2,HasilEvaluasi
Olva Scamp,9,38,100,87
Kimble Palister,27,55,95,71
Nerta Corain,7,32,54,45
Wandis Roberti,13,46,67,50
Lissy Dods,28,46,59,85
Milty Dedman,14,48,97,54
Dusty Plumbridge,27,41,76,58
Murray Leavesley,25,38,98,72
Emory Cockayne,22,45,94,60
Jacinta Bateup,28,29,91,70
Dorice Firmin,7,35,68,88
Giffard Mussett,4,38,71,81
Jeanelle Gibbard,30,26,63,84
Neely Primrose,13,32,84,85
Ingunna MacEnelly,23,45,71,94
Wells Cauthra,24,45,90,50
Tonya Allflatt,7,44,87,46
Joseph Duchatel,4,47,69,46
Justino Tunder,19,44,89,97
Amil Dulany,28,40,73,88
Padriac Rubanenko,21,29,91,82
Keriann Conry,16,37,94,94
Gnni Ciric,14,30,66,99
Woodie Prattington,1,35,50,98
Johan Toms,17,50,62,61
Kip Jermy,17,42,61,72
Walliw Hassall,12,36,68,47
Ginni Pusey,11,45,75,72
Josie Nield,2,47,66,92
Janessa Yearne,17,33,99,62
Boycey Phillip,2,39,64,85
Lauren Peers,4,46,86,88
Freddie Isselee,30,45,80,80
Stephenie Buscombe,29,51,71,87
Ario Bette,13,43,85,61
Patricia Jeffry,2,27,47,66
Charmane Quigg,25,45,60,55
Oates Surman,5,34,86,95
Nikolaus Castelyn,19,48,83,47
Leslie McCurt,5,34,99,49
Trixi Obeney,12,32,53,50
Susie Sarfass,14,47,55,97
Colline Ledrane,19,30,93,98
Geordie Mellings,28,47,84,92
Bennie Lundy,8,38,64,84
Tomkin Morshead,30,46,95,68
Annie Quemby,27,39,95,95
Zelda Pitcaithley,7,26,48,79
Marijn Stirzaker,30,45,45,62
Joya Jeff,25,45,90,98
Merrill Mangenet,20,31,92,92
Casie Lowsely,27,30,99,66
Enrichetta Barrus,1,48,81,76
Dore Aldersley,7,49,76,70
Irwinn Fairfull,15,34,74,75
Joann Pursey,5,53,72,89
Loni Hay,18,53,59,99
Leicester Duferie,19,30,53,58
Carly Drowsfield,29,49,71,62
Zita Kirsop,5,43,88,93
Hagen Ivery,2,52,66,77
Adda Pantridge,4,47,68,53
Basile Eilhermann,17,41,82,91
Elva Bonellie,23,30,91,98
Giffard Pavlovsky,3,44,55,49
Pandora Dot,23,29,66,85
Irwin Fullard,16,30,64,82
Prudi McCallion,10,26,74,82
Sheilakathryn Sigart,9,35,87,81
Prentice Sidary,19,27,54,84
Adina Gilbee,18,39,83,62
Kirbie Patis,11,25,71,73
Caroljean Bowker,5,50,63,99
Oralia Imlaw,6,51,95,61
Dodie Futcher,6,51,84,89
Kerwin Screase,17,32,56,67
Wilow Verrechia,1,54,54,68
Hendrika De Vaux,16,32,48,88
Ruthie Spedroni,29,25,63,50
Bettina Hayler,19,27,48,82
Melodee Papworth,30,51,57,65
Dru Franies,6,26,85,60
Payton Collin,25,25,69,96
Dougy Hanaford,10,47,67,91
Morly Dougherty,30,54,90,48
Rania Whiles,16,39,96,65
Arnie Tomei,24,42,53,62
Morgen Spaduzza,13,43,82,47
Dmitri Feehan,23,44,90,60
Cristal Voss,1,40,52,98
Joete Rosentholer,22,55,54,58
Shaughn Spurden,28,55,87,100
Marchall Elflain,3,37,92,66
Travus Gregoli,15,29,96,51
Kaleb Mallinder,21,38,67,82
Lodovico Burgill,17,50,79,87
Georgie Sember,14,26,70,50
Francyne Ianiello,14,45,59,91
Shirline Courtes,30,45,71,91
Francyne Noseworthy,20,50,87,95
